<?xml version="1.0" encoding="utf-8"?>
<!DOCTYPE nta PUBLIC '-//Uppaal Team//DTD Flat System 1.1//EN' 'http://www.it.uu.se/research/group/darts/uppaal/flat-1_2.dtd'>
<nta>
	<declaration>// Place global declarations here.

const int minModeT = 2000; // Minimum period spent in a ventilation mode (e.g. apnoea vs hyperventilation) 2000
const int maxModeT = 5000; // Maximum period spent in a ventilation mode (e.g. apnoea vs hyperventilation) 5000

const int normalMinT = 380; // Minimum intrinsic period for each breath in mode 'normal'
const int normalMaxT = 380; // Maximum intrinsic period for each breath in mode 'normal'
const int hyperventMinT = 320; // Minimum intrinsic period for each breath in mode 'hypervent'
const int hyperventMaxT = 320; // Maximum intrinsic period for each breath in mode 'hypervent'




const int hyperventThreshold = 360;
const int hypoventThreshold = 422;
const int TLRI = 395;
const int TURI = 360;
const int Tn = 1692;

clock T;




</declaration>
	<template>
		<name>ventMode</name>
		<parameter>broadcast chan &amp;changeMode,broadcast chan &amp;DPace,broadcast chan &amp;DSense</parameter>
		<declaration>clock x;</declaration>
		<location id="id0" x="-1232" y="-620">
			<committed/>
		</location>
		<location id="id1" x="-1037" y="-620">
			<name x="-1054" y="-603">Wait2</name>
		</location>
		<location id="id2" x="-1259" y="-731">
			<name x="-1275" y="-765">Initial</name>
		</location>
		<location id="id3" x="-1131" y="-731">
			<name x="-1147" y="-765">Wait1</name>
			<label kind="invariant" x="-1105" y="-739">x&lt;=maxModeT</label>
		</location>
		<init ref="id2"/>
		<transition>
			<source ref="id1"/>
			<target ref="id0"/>
			<label kind="synchronisation" x="-1156" y="-595">DSense?</label>
			<nail x="-1130" y="-595"/>
		</transition>
		<transition>
			<source ref="id1"/>
			<target ref="id0"/>
			<label kind="synchronisation" x="-1156" y="-654">DPace?</label>
			<nail x="-1130" y="-637"/>
		</transition>
		<transition>
			<source ref="id0"/>
			<target ref="id3"/>
			<label kind="synchronisation" x="-1275" y="-688">changeMode!</label>
			<label kind="assignment" x="-1232" y="-671">x=0</label>
		</transition>
		<transition>
			<source ref="id2"/>
			<target ref="id3"/>
			<label kind="synchronisation" x="-1232" y="-756">DSense?</label>
			<label kind="assignment" x="-1199" y="-731">x=0</label>
		</transition>
		<transition>
			<source ref="id3"/>
			<target ref="id1"/>
			<label kind="guard" x="-1071" y="-688">x&gt;=minModeT</label>
		</transition>
	</template>
	<template>
		<name>LRI_mon</name>
		<parameter>broadcast chan &amp;DSense,broadcast chan &amp;DPace</parameter>
		<declaration>clock t;</declaration>
		<location id="id4" x="-348" y="-127">
			<name x="-365" y="-161">Detected</name>
			<committed/>
		</location>
		<location id="id5" x="-459" y="-127">
			<name x="-476" y="-161">Wait2</name>
		</location>
		<location id="id6" x="-569" y="-127">
			<name x="-579" y="-161">Wait1</name>
		</location>
		<init ref="id6"/>
		<transition>
			<source ref="id5"/>
			<target ref="id4"/>
			<label kind="synchronisation" x="-433" y="-93">DPace?</label>
			<nail x="-408" y="-93"/>
		</transition>
		<transition>
			<source ref="id4"/>
			<target ref="id5"/>
			<label kind="assignment" x="-425" y="-51">t=0</label>
			<nail x="-348" y="-51"/>
			<nail x="-459" y="-51"/>
		</transition>
		<transition>
			<source ref="id5"/>
			<target ref="id4"/>
			<label kind="synchronisation" x="-433" y="-178">DSense?</label>
			<nail x="-408" y="-161"/>
		</transition>
		<transition>
			<source ref="id6"/>
			<target ref="id5"/>
			<label kind="synchronisation" x="-544" y="-93">DPace?</label>
			<label kind="assignment" x="-527" y="-76">t=0</label>
			<nail x="-518" y="-93"/>
		</transition>
		<transition>
			<source ref="id6"/>
			<target ref="id5"/>
			<label kind="synchronisation" x="-544" y="-178">DSense?</label>
			<label kind="assignment" x="-527" y="-195">t=0</label>
			<nail x="-518" y="-161"/>
		</transition>
	</template>
	<template>
		<name>diaphragm</name>
		<parameter>broadcast chan &amp;DSense,broadcast chan &amp;DPace,broadcast chan &amp;changeMode</parameter>
		<declaration>clock x;</declaration>
		<location id="id7" x="-1292" y="-1224">
			<name x="-1343" y="-1232">Initial</name>
			<label kind="invariant" x="-1343" y="-1258">x&lt;=normalMaxT</label>
		</location>
		<location id="id8" x="-1181" y="-1105">
			<name x="-1300" y="-1113">hyperventilation</name>
			<label kind="invariant" x="-1317" y="-1096">x&lt;=hyperventMaxT</label>
		</location>
		<location id="id9" x="-1011" y="-1105">
			<name x="-994" y="-1113">apnoea</name>
		</location>
		<location id="id10" x="-1096" y="-1224">
			<name x="-1062" y="-1224">normal</name>
			<label kind="invariant" x="-1071" y="-1241">x&lt;=normalMaxT</label>
		</location>
		<init ref="id7"/>
		<transition>
			<source ref="id7"/>
			<target ref="id10"/>
			<label kind="synchronisation" x="-1232" y="-1241">DSense!</label>
			<label kind="assignment" x="-1215" y="-1258">x=0</label>
		</transition>
		<transition>
			<source ref="id8"/>
			<target ref="id8"/>
			<label kind="guard" x="-1360" y="-1147">x&gt;=hyperventMinT</label>
			<label kind="synchronisation" x="-1300" y="-1164">DSense!</label>
			<label kind="assignment" x="-1275" y="-1181">x=0</label>
			<nail x="-1241" y="-1130"/>
			<nail x="-1207" y="-1156"/>
		</transition>
		<transition>
			<source ref="id8"/>
			<target ref="id8"/>
			<label kind="synchronisation" x="-1207" y="-1045">DPace?</label>
			<label kind="assignment" x="-1190" y="-1028">x=0</label>
			<nail x="-1156" y="-1045"/>
			<nail x="-1207" y="-1045"/>
		</transition>
		<transition>
			<source ref="id9"/>
			<target ref="id9"/>
			<label kind="synchronisation" x="-1037" y="-1045">DPace?</label>
			<label kind="assignment" x="-1020" y="-1028">x=0</label>
			<nail x="-986" y="-1045"/>
			<nail x="-1037" y="-1045"/>
		</transition>
		<transition>
			<source ref="id10"/>
			<target ref="id10"/>
			<label kind="synchronisation" x="-1079" y="-1300">DPace?</label>
			<label kind="assignment" x="-1071" y="-1317">x=0</label>
			<nail x="-1071" y="-1284"/>
			<nail x="-1037" y="-1267"/>
		</transition>
		<transition>
			<source ref="id10"/>
			<target ref="id10"/>
			<label kind="guard" x="-1190" y="-1300">x&gt;=normalMinT</label>
			<label kind="synchronisation" x="-1173" y="-1317">DSense!</label>
			<label kind="assignment" x="-1156" y="-1334">x=0</label>
			<nail x="-1156" y="-1267"/>
			<nail x="-1122" y="-1284"/>
		</transition>
		<transition>
			<source ref="id8"/>
			<target ref="id9"/>
			<label kind="synchronisation" x="-1139" y="-1139">changeMode?</label>
			<nail x="-1096" y="-1122"/>
		</transition>
		<transition>
			<source ref="id9"/>
			<target ref="id10"/>
			<label kind="synchronisation" x="-1105" y="-1173">changeMode?</label>
			<nail x="-1071" y="-1164"/>
		</transition>
		<transition>
			<source ref="id10"/>
			<target ref="id8"/>
			<label kind="synchronisation" x="-1164" y="-1156">changeMode?</label>
			<nail x="-1130" y="-1156"/>
		</transition>
		<transition>
			<source ref="id9"/>
			<target ref="id8"/>
			<label kind="synchronisation" x="-1139" y="-1088">changeMode?</label>
			<nail x="-1096" y="-1088"/>
		</transition>
		<transition>
			<source ref="id10"/>
			<target ref="id9"/>
			<label kind="synchronisation" x="-1045" y="-1198">changeMode?</label>
			<nail x="-1037" y="-1173"/>
		</transition>
		<transition>
			<source ref="id8"/>
			<target ref="id10"/>
			<label kind="synchronisation" x="-1232" y="-1198">changeMode?</label>
			<nail x="-1156" y="-1173"/>
		</transition>
	</template>
	<template>
		<name>LRI_con</name>
		<parameter>broadcast chan &amp;DSense,broadcast chan &amp;DPace,broadcast chan &amp;LRI_ex,broadcast chan &amp;LRI_stop,broadcast chan &amp;LRI_start</parameter>
		<location id="id11" x="-671" y="-42">
			<committed/>
		</location>
		<location id="id12" x="-910" y="-42">
			<committed/>
		</location>
		<location id="id13" x="-790" y="-42">
			<name x="-817" y="-25">Wait_LRI</name>
		</location>
		<location id="id14" x="-791" y="-161">
			<committed/>
		</location>
		<location id="id15" x="-943" y="-161">
			<name x="-960" y="-195">Initial</name>
		</location>
		<init ref="id15"/>
		<transition>
			<source ref="id11"/>
			<target ref="id14"/>
			<label kind="synchronisation" x="-731" y="-119">DPace!</label>
		</transition>
		<transition>
			<source ref="id13"/>
			<target ref="id11"/>
			<label kind="synchronisation" x="-765" y="-59">LRI_ex?</label>
		</transition>
		<transition>
			<source ref="id12"/>
			<target ref="id14"/>
			<label kind="synchronisation" x="-909" y="-119">LRI_stop!</label>
		</transition>
		<transition>
			<source ref="id13"/>
			<target ref="id12"/>
			<label kind="synchronisation" x="-867" y="-59">DSense?</label>
		</transition>
		<transition>
			<source ref="id14"/>
			<target ref="id13"/>
			<label kind="synchronisation" x="-816" y="-93">LRI_start!</label>
		</transition>
		<transition>
			<source ref="id15"/>
			<target ref="id14"/>
			<label kind="synchronisation" x="-901" y="-187">DSense?</label>
		</transition>
	</template>
	<template>
		<name>URI_mon</name>
		<parameter>broadcast chan &amp;DSense,broadcast chan &amp;DPace</parameter>
		<declaration>clock t;</declaration>
		<location id="id16" x="-331" y="-306">
			<name x="-348" y="-340">Detected</name>
			<committed/>
		</location>
		<location id="id17" x="-441" y="-306">
			<name x="-458" y="-340">Wait2</name>
		</location>
		<location id="id18" x="-560" y="-306">
			<name x="-577" y="-340">Wait1</name>
		</location>
		<init ref="id18"/>
		<transition>
			<source ref="id16"/>
			<target ref="id17"/>
			<label kind="assignment" x="-348" y="-255">t=0</label>
			<nail x="-331" y="-255"/>
		</transition>
		<transition>
			<source ref="id17"/>
			<target ref="id17"/>
			<label kind="synchronisation" x="-450" y="-255">DSense?</label>
			<label kind="assignment" x="-433" y="-238">t=0</label>
			<nail x="-441" y="-255"/>
			<nail x="-399" y="-255"/>
		</transition>
		<transition>
			<source ref="id17"/>
			<target ref="id16"/>
			<label kind="synchronisation" x="-407" y="-331">DPace?</label>
		</transition>
		<transition>
			<source ref="id18"/>
			<target ref="id17"/>
			<label kind="synchronisation" x="-526" y="-280">DPace?</label>
			<label kind="assignment" x="-518" y="-263">t=0</label>
			<nail x="-501" y="-280"/>
		</transition>
		<transition>
			<source ref="id18"/>
			<target ref="id17"/>
			<label kind="synchronisation" x="-526" y="-348">DSense?</label>
			<label kind="assignment" x="-509" y="-365">t=0</label>
			<nail x="-501" y="-331"/>
		</transition>
	</template>
	<template>
		<name>LRI_timer</name>
		<parameter>broadcast chan &amp;LRI_ex,broadcast chan &amp;LRI_stop,broadcast chan &amp;LRI_start</parameter>
		<declaration>clock x;</declaration>
		<location id="id19" x="-416" y="-76">
			<name x="-433" y="-42">Timer</name>
			<label kind="invariant" x="-442" y="-59">x&lt;=TLRI</label>
		</location>
		<location id="id20" x="-416" y="-212">
			<name x="-426" y="-246">Idle</name>
		</location>
		<init ref="id20"/>
		<transition>
			<source ref="id19"/>
			<target ref="id20"/>
			<label kind="guard" x="-518" y="-153">x&gt;=TLRI</label>
			<label kind="synchronisation" x="-510" y="-170">LRI_ex!</label>
			<nail x="-459" y="-144"/>
		</transition>
		<transition>
			<source ref="id19"/>
			<target ref="id20"/>
			<label kind="synchronisation" x="-442" y="-153">LRI_stop?</label>
		</transition>
		<transition>
			<source ref="id20"/>
			<target ref="id19"/>
			<label kind="synchronisation" x="-374" y="-170">LRI_start?</label>
			<label kind="assignment" x="-365" y="-153">x=0</label>
			<nail x="-374" y="-144"/>
		</transition>
	</template>
	<template>
		<name>periodMon</name>
		<parameter>broadcast chan &amp;DSense,broadcast chan &amp;DPace,broadcast chan &amp;restartAverage</parameter>
		<declaration>
clock t;
int n = 4;
int count =1;
</declaration>
		<location id="id21" x="-1275" y="-136">
			<name x="-1258" y="-144">Detected</name>
			<committed/>
		</location>
		<location id="id22" x="-1360" y="-136">
			<committed/>
		</location>
		<location id="id23" x="-1479" y="-136">
			<name x="-1530" y="-144">Wait</name>
		</location>
		<init ref="id23"/>
		<transition>
			<source ref="id21"/>
			<target ref="id23"/>
			<label kind="guard" x="-1402" y="-68">count&lt;n</label>
			<nail x="-1275" y="-76"/>
			<nail x="-1479" y="-76"/>
		</transition>
		<transition>
			<source ref="id21"/>
			<target ref="id23"/>
			<label kind="guard" x="-1453" y="-221">count==n</label>
			<label kind="assignment" x="-1385" y="-221">count=0,t=0</label>
			<nail x="-1275" y="-195"/>
			<nail x="-1479" y="-195"/>
		</transition>
		<transition>
			<source ref="id22"/>
			<target ref="id21"/>
			<label kind="assignment" x="-1343" y="-161">count++</label>
		</transition>
		<transition>
			<source ref="id23"/>
			<target ref="id22"/>
			<label kind="synchronisation" x="-1436" y="-102">DPace?</label>
			<nail x="-1419" y="-102"/>
		</transition>
		<transition>
			<source ref="id23"/>
			<target ref="id22"/>
			<label kind="synchronisation" x="-1445" y="-187">DSense?</label>
			<nail x="-1419" y="-170"/>
		</transition>
	</template>
	<system>broadcast chan changeMode,restartAverage;
broadcast chan DSense,DPace;
broadcast chan LRI_ex,LRI_stop,LRI_start;



ventilationMode = ventMode(changeMode,DPace,DSense);
diaphragmControl = diaphragm(DSense,DPace,changeMode);
LRI_control = LRI_con(DSense,DPace,LRI_ex,LRI_stop,LRI_start);
Timer_LRI = LRI_timer(LRI_ex,LRI_stop,LRI_start);
periodMonitor = periodMon(DSense,DPace,restartAverage);
LRI_monitor = LRI_mon(DSense,DPace);
URI_monitor = URI_mon(DSense,DPace);


system ventilationMode,diaphragmControl,LRI_control,Timer_LRI,periodMonitor,LRI_monitor,URI_monitor;</system>
	<queries>
		<query>
			<formula>A[] (periodMonitor.Detected imply periodMonitor.t &lt;= 4*423)
			</formula>
			<comment>
			</comment>
		</query>
		<query>
			<formula>A[] (LRI_monitor.Detected imply LRI_monitor.t &lt;= TLRI)
			</formula>
			<comment>
			</comment>
		</query>
		<query>
			<formula>A[] (URI_monitor.Detected imply URI_monitor.t &gt;= TURI)
			</formula>
			<comment>
			</comment>
		</query>
		<query>
			<formula>A[] not deadlock
			</formula>
			<comment>
			</comment>
		</query>
	</queries>
</nta>
